﻿<?xml version="1.0" encoding="utf-8" ?>
<mappings>
    <mapping Id="0" Shortname="" Duration="0" FunctionTypeCS2="None" FunctionTypeZ21="none" />
    <mapping Id="1" Shortname="Lichtwsl" Duration="0" FunctionTypeIndexCS2="1" FunctionTypeCS2="Lichtwechsel" FunctionTypeZ21="main_beam2" />
    <mapping Id="2" Shortname="Innenbel" Duration="0" FunctionTypeIndexCS2="2" FunctionTypeCS2="Innenbeleuchtung" FunctionTypeZ21="interior_light" />
    <mapping Id="3" Shortname="Aussenbel" Duration="0" FunctionTypeIndexCS2="3" FunctionTypeCS2="Aussenbeleuchtung_Schlusslicht" FunctionTypeZ21="back_light" />
    <mapping Id="4" Shortname="Fernlicht" Duration="0" FunctionTypeIndexCS2="4" FunctionTypeCS2="Fernlicht" FunctionTypeZ21="main_beam" />
    <mapping Id="5" Shortname="Betr_Sound" Duration="0" FunctionTypeIndexCS2="5" FunctionTypeCS2="Betriebsgeraeusch" FunctionTypeZ21="sound2" />
    <mapping Id="6" Shortname="Pantograph" Duration="0" FunctionTypeIndexCS2="6" FunctionTypeCS2="Pantograph" FunctionTypeZ21="backward_take_power" />
    <mapping Id="7" Shortname="Rauch" Duration="0" FunctionTypeIndexCS2="7" FunctionTypeCS2="Rauchgenerator" FunctionTypeZ21="steam" />
    <mapping Id="8" Shortname="RangierON" Duration="0" FunctionTypeIndexCS2="8" FunctionTypeCS2="Rangiergang_ein" FunctionTypeZ21="hump_gear" />
    <mapping Id="9" Shortname="Telex" Duration="0" FunctionTypeIndexCS2="9" FunctionTypeCS2="Telexkupplung" FunctionTypeZ21="decouple" />
    <mapping Id="10" Shortname="Horn" Duration="0" FunctionTypeIndexCS2="10" FunctionTypeCS2="Horn_Typhon" FunctionTypeZ21="bugle" />
    <mapping Id="11" Shortname="Schffnrpff" Duration="0" FunctionTypeIndexCS2="11" FunctionTypeCS2="Schaffnerpfiff" FunctionTypeZ21="sound5" />
    <mapping Id="12" Shortname="Pfeife" Duration="0" FunctionTypeIndexCS2="12" FunctionTypeCS2="Pfeife" FunctionTypeZ21="sound4" />
    <mapping Id="13" Shortname="Glocke" Duration="0" FunctionTypeIndexCS2="13" FunctionTypeCS2="Glocke" FunctionTypeZ21="bell" />
    <mapping Id="14" Shortname="Kran_verfa" Duration="0" FunctionTypeIndexCS2="14" FunctionTypeCS2="KranBuehne_verfahren" FunctionTypeZ21="rotate_upper_assembly" />
    <mapping Id="15" Shortname="Kran_heben" Duration="0" FunctionTypeIndexCS2="15" FunctionTypeCS2="KranBuehne_heben_senken" FunctionTypeZ21="crane_arm_up" />
    <mapping Id="16" Shortname="Kran_drehL" Duration="0" FunctionTypeIndexCS2="16" FunctionTypeCS2="KranBuehne_drehen_links" FunctionTypeZ21="rotate_left" />
    <mapping Id="17" Shortname="Kran_neign" Duration="0" FunctionTypeIndexCS2="17" FunctionTypeCS2="KranBuehne_neigen" FunctionTypeZ21="crane_arm_down" />
    <mapping Id="18" Shortname="ABV_Aus" Duration="0" FunctionTypeIndexCS2="18" FunctionTypeCS2="Anfahr_Bremsverzoegerung_aus" FunctionTypeZ21="acc_delay" />
    <mapping Id="19" Shortname="Pumpe" Duration="0" FunctionTypeIndexCS2="19" FunctionTypeCS2="Pumpe" FunctionTypeZ21="feed_pump" />
    <mapping Id="20" Shortname="Bremsquit" Duration="0" FunctionTypeIndexCS2="20" FunctionTypeCS2="Bremsenquietschen_aus" FunctionTypeZ21="sound_brake" />
    <mapping Id="21" Shortname="Schaltstfn" Duration="0" FunctionTypeIndexCS2="21" FunctionTypeCS2="Schaltstufen" FunctionTypeZ21="diesel_regulation_step_up" />
    <mapping Id="22" Shortname="Generator" Duration="0" FunctionTypeIndexCS2="22" FunctionTypeCS2="Generator" FunctionTypeZ21="generator" />
    <mapping Id="23" Shortname="Fahr_Sound" Duration="0" FunctionTypeIndexCS2="23" FunctionTypeCS2="Fahrgeraeusch" FunctionTypeZ21="sound2" />
    <mapping Id="24" Shortname="Maschschmr" Duration="0" FunctionTypeIndexCS2="24" FunctionTypeCS2="Maschine_vorschmieren" FunctionTypeZ21="none" />
    <mapping Id="25" Shortname="Bhf_Ansage" Duration="0" FunctionTypeIndexCS2="25" FunctionTypeCS2="Bahnhofsansage" FunctionTypeZ21="sound1" />
    <mapping Id="26" Shortname="KohleSchfl" Duration="0" FunctionTypeIndexCS2="26" FunctionTypeCS2="Kohlen_schaufeln" FunctionTypeZ21="scoop_coal" />
    <mapping Id="27" Shortname="Tür_zu" Duration="0" FunctionTypeIndexCS2="27" FunctionTypeCS2="Tueren_schliessen" FunctionTypeZ21="door_close" />
    <mapping Id="28" Shortname="Tür_zu_Snd" Duration="0" FunctionTypeIndexCS2="28" FunctionTypeCS2="Tueren_schliessen_Geraeusch" FunctionTypeZ21="door_close" />
    <mapping Id="29" Shortname="Lüfter_Snd" Duration="0" FunctionTypeIndexCS2="29" FunctionTypeCS2="Lueftergeraeusch" FunctionTypeZ21="sound4" />
    <mapping Id="30" Shortname="Lüfter" Duration="0" FunctionTypeIndexCS2="30" FunctionTypeCS2="Luefter" FunctionTypeZ21="blower" />
    <mapping Id="31" Shortname="Feuerb_bel" Duration="0" FunctionTypeIndexCS2="31" FunctionTypeCS2="Feuerbuechsenbeleuchtung" FunctionTypeZ21="firebox" />
    <mapping Id="32" Shortname="Deckenbel" Duration="0" FunctionTypeIndexCS2="32" FunctionTypeCS2="Deckenbeleuchtung" FunctionTypeZ21="interior_light" />
    <mapping Id="33" Shortname="Tischbel_4" Duration="0" FunctionTypeIndexCS2="33" FunctionTypeCS2="Tischbeleuchtung_EP4" FunctionTypeZ21="tish_lamp" />
    <mapping Id="34" Shortname="Tischbel_3" Duration="0" FunctionTypeIndexCS2="34" FunctionTypeCS2="Tischbeleuchtung_EP3" FunctionTypeZ21="tish_lamp" />
    <mapping Id="35" Shortname="Tischbel_2" Duration="0" FunctionTypeIndexCS2="35" FunctionTypeCS2="Tischbeleuchtung_EP2" FunctionTypeZ21="tish_lamp" />
    <mapping Id="36" Shortname="Schüttelst" Duration="0" FunctionTypeIndexCS2="36" FunctionTypeCS2="Schuettelrost" FunctionTypeZ21="shaking_grates" />
    <mapping Id="37" Shortname="SchienStss" Duration="0" FunctionTypeIndexCS2="37" FunctionTypeCS2="Schienenstoss" FunctionTypeZ21="rail_kick" />
    <mapping Id="38" Shortname="Kennz_bel" Duration="0" FunctionTypeIndexCS2="38" FunctionTypeCS2="Nummernschildbeleuchtung" FunctionTypeZ21="licence_plate_light" />
    <mapping Id="39" Shortname="Musik" Duration="0" FunctionTypeIndexCS2="39" FunctionTypeCS2="Hintergrundmusik" FunctionTypeZ21="clef" />
    <mapping Id="40" Shortname="Zugschldbe" Duration="0" FunctionTypeIndexCS2="40" FunctionTypeCS2="Zuglaufschildbeleuchtung" FunctionTypeZ21="destination_plate_light" />
    <mapping Id="41" Shortname="LichtFst_h" Duration="0" FunctionTypeIndexCS2="41" FunctionTypeCS2="Licht_an_Fuehrerstand_hinten_aus" FunctionTypeZ21="cockpit_light_right" />
    <mapping Id="42" Shortname="LichtFst_v" Duration="0" FunctionTypeIndexCS2="42" FunctionTypeCS2="Licht_an_Fuehrerstand_vorne_aus" FunctionTypeZ21="cockpit_light_left" />
    <mapping Id="43" Shortname="KupplngSnd" Duration="0" FunctionTypeIndexCS2="43" FunctionTypeCS2="Kupplung_An_Abkuppelgeraeusch" FunctionTypeZ21="decouple" />
    <mapping Id="44" Shortname="PuffrStoss" Duration="0" FunctionTypeIndexCS2="44" FunctionTypeCS2="Pufferstoss" FunctionTypeZ21="puffer_kick" />
    <mapping Id="45" Shortname="Sprachausg" Duration="0" FunctionTypeIndexCS2="45" FunctionTypeCS2="Sprachausgabe" FunctionTypeZ21="sound2" />
    <mapping Id="46" Shortname="Kran_Haken" Duration="0" FunctionTypeIndexCS2="46" FunctionTypeCS2="Kran_Doppelhaken" FunctionTypeZ21="pick_up" />
    <mapping Id="47" Shortname="Warnlicht" Duration="0" FunctionTypeIndexCS2="47" FunctionTypeCS2="Warnlicht" FunctionTypeZ21="all_round_light" />
    <mapping Id="48" Shortname="Cockpitbel" Duration="0" FunctionTypeIndexCS2="48" FunctionTypeCS2="Fuehrerstandsbeleuchtung" FunctionTypeZ21="cockpit_light_left" />
    <mapping Id="49" Shortname="Injektor" Duration="0" FunctionTypeIndexCS2="49" FunctionTypeCS2="Injektor" FunctionTypeZ21="injector" />
    <mapping Id="50" Shortname="Funktion0" Duration="0" FunctionTypeIndexCS2="50" FunctionTypeCS2="Funktion_0" FunctionTypeZ21="neutral" />
    <mapping Id="51" Shortname="Funktion1" Duration="0" FunctionTypeIndexCS2="51" FunctionTypeCS2="Funktion_1" FunctionTypeZ21="neutral" />
    <mapping Id="52" Shortname="Funktion2" Duration="0" FunctionTypeIndexCS2="52" FunctionTypeCS2="Funktion_2" FunctionTypeZ21="neutral" />
    <mapping Id="53" Shortname="Funktion3" Duration="0" FunctionTypeIndexCS2="53" FunctionTypeCS2="Funktion_3" FunctionTypeZ21="neutral" />
    <mapping Id="54" Shortname="Funktion4" Duration="0" FunctionTypeIndexCS2="54" FunctionTypeCS2="Funktion_4" FunctionTypeZ21="neutral" />
    <mapping Id="55" Shortname="Funktion5" Duration="0" FunctionTypeIndexCS2="55" FunctionTypeCS2="Funktion_5" FunctionTypeZ21="neutral" />
    <mapping Id="56" Shortname="Funktion6" Duration="0" FunctionTypeIndexCS2="56" FunctionTypeCS2="Funktion_6" FunctionTypeZ21="neutral" />
    <mapping Id="57" Shortname="Funktion7" Duration="0" FunctionTypeIndexCS2="57" FunctionTypeCS2="Funktion_7" FunctionTypeZ21="neutral" />
    <mapping Id="58" Shortname="Funktion8" Duration="0" FunctionTypeIndexCS2="58" FunctionTypeCS2="Funktion_8" FunctionTypeZ21="neutral" />
    <mapping Id="59" Shortname="Funktion9" Duration="0" FunctionTypeIndexCS2="59" FunctionTypeCS2="Funktion_9" FunctionTypeZ21="neutral" />
    <mapping Id="60" Shortname="Funktion10" Duration="0" FunctionTypeIndexCS2="60" FunctionTypeCS2="Funktion_10" FunctionTypeZ21="neutral" />
    <mapping Id="61" Shortname="Funktion11" Duration="0" FunctionTypeIndexCS2="61" FunctionTypeCS2="Funktion_11" FunctionTypeZ21="neutral" />
    <mapping Id="62" Shortname="Funktion12" Duration="0" FunctionTypeIndexCS2="62" FunctionTypeCS2="Funktion_12" FunctionTypeZ21="neutral" />
    <mapping Id="63" Shortname="Funktion13" Duration="0" FunctionTypeIndexCS2="63" FunctionTypeCS2="Funktion_13" FunctionTypeZ21="neutral" />
    <mapping Id="64" Shortname="Funktion14" Duration="0" FunctionTypeIndexCS2="64" FunctionTypeCS2="Funktion_14" FunctionTypeZ21="neutral" />
    <mapping Id="65" Shortname="Funktion15" Duration="0" FunctionTypeIndexCS2="65" FunctionTypeCS2="Funktion_15" FunctionTypeZ21="neutral" />
    <mapping Id="66" Shortname="Funktion16" Duration="0" FunctionTypeIndexCS2="66" FunctionTypeCS2="Funktion_16" FunctionTypeZ21="neutral" />
    <mapping Id="67" Shortname="Funktion17" Duration="0" FunctionTypeIndexCS2="67" FunctionTypeCS2="Funktion_17" FunctionTypeZ21="neutral" />
    <mapping Id="68" Shortname="Funktion18" Duration="0" FunctionTypeIndexCS2="68" FunctionTypeCS2="Funktion_18" FunctionTypeZ21="neutral" />
    <mapping Id="69" Shortname="Funktion19" Duration="0" FunctionTypeIndexCS2="69" FunctionTypeCS2="Funktion_19" FunctionTypeZ21="neutral" />
    <mapping Id="70" Shortname="Funktion20" Duration="0" FunctionTypeIndexCS2="70" FunctionTypeCS2="Funktion_20" FunctionTypeZ21="neutral" />
    <mapping Id="71" Shortname="Funktion21" Duration="0" FunctionTypeIndexCS2="71" FunctionTypeCS2="Funktion_21" FunctionTypeZ21="neutral" />
    <mapping Id="72" Shortname="Funktion22" Duration="0" FunctionTypeIndexCS2="72" FunctionTypeCS2="Funktion_22" FunctionTypeZ21="neutral" />
    <mapping Id="73" Shortname="Funktion23" Duration="0" FunctionTypeIndexCS2="73" FunctionTypeCS2="Funktion_23" FunctionTypeZ21="neutral" />
    <mapping Id="74" Shortname="Funktion24" Duration="0" FunctionTypeIndexCS2="74" FunctionTypeCS2="Funktion_24" FunctionTypeZ21="neutral" />
    <mapping Id="75" Shortname="Funktion25" Duration="0" FunctionTypeIndexCS2="75" FunctionTypeCS2="Funktion_25" FunctionTypeZ21="neutral" />
    <mapping Id="76" Shortname="Funktion26" Duration="0" FunctionTypeIndexCS2="76" FunctionTypeCS2="Funktion_26" FunctionTypeZ21="neutral" />
    <mapping Id="77" Shortname="Funktion27" Duration="0" FunctionTypeIndexCS2="77" FunctionTypeCS2="Funktion_27" FunctionTypeZ21="neutral" />
    <mapping Id="78" Shortname="Funktion28" Duration="0" FunctionTypeIndexCS2="78" FunctionTypeCS2="Funktion_28" FunctionTypeZ21="neutral" />
    <mapping Id="79" Shortname="Funktion29" Duration="0" FunctionTypeIndexCS2="79" FunctionTypeCS2="Funktion_29" FunctionTypeZ21="neutral" />
    <mapping Id="80" Shortname="Funktion30" Duration="0" FunctionTypeIndexCS2="80" FunctionTypeCS2="Funktion_30" FunctionTypeZ21="neutral" />
    <mapping Id="81" Shortname="Funktion31" Duration="0" FunctionTypeIndexCS2="81" FunctionTypeCS2="Funktion_31" FunctionTypeZ21="neutral" />
    <mapping Id="82" Shortname="Telex_hi" Duration="0" FunctionTypeIndexCS2="82" FunctionTypeCS2="Telexkupplung_hinten" FunctionTypeZ21="decouple" />
    <mapping Id="83" Shortname="Telex_vo" Duration="0" FunctionTypeIndexCS2="83" FunctionTypeCS2="Telexkupplung_vorn" FunctionTypeZ21="decouple" />
    <mapping Id="84" Shortname="Panto_hi" Duration="0" FunctionTypeIndexCS2="84" FunctionTypeCS2="Pantograph_hinten" FunctionTypeZ21="backward_take_power" />
    <mapping Id="85" Shortname="Panto_vo" Duration="0" FunctionTypeIndexCS2="85" FunctionTypeCS2="Pantograph_vorne" FunctionTypeZ21="forward_take_power" />
    <mapping Id="86" Shortname="Fernli_hi" Duration="0" FunctionTypeIndexCS2="86" FunctionTypeCS2="Fernlicht_hinten" FunctionTypeZ21="main_beam" />
    <mapping Id="87" Shortname="Fernli_vo" Duration="0" FunctionTypeIndexCS2="87" FunctionTypeCS2="Fernlicht_vorn" FunctionTypeZ21="main_beam" />
    <mapping Id="88" Shortname="Shift" Duration="0" FunctionTypeIndexCS2="88" FunctionTypeCS2="Shift" FunctionTypeZ21="none" />
    <mapping Id="89" Shortname="VakuumPmp" Duration="0" FunctionTypeIndexCS2="89" FunctionTypeCS2="Vakuumpumpe" FunctionTypeZ21="none" />
    <mapping Id="90" Shortname="Triebw_Bel" Duration="0" FunctionTypeIndexCS2="90" FunctionTypeCS2="Triebwerksbeleuchtung" FunctionTypeZ21="cycle_light" />
    <mapping Id="91" Shortname="DmpfAblass" Duration="0" FunctionTypeIndexCS2="91" FunctionTypeCS2="Zylinder_ausblasen_Dampf_ablassen" FunctionTypeZ21="dump_steam" />
    <mapping Id="92" Shortname="DrcklftAbl" Duration="0" FunctionTypeIndexCS2="92" FunctionTypeCS2="Druckluft_ablassen" FunctionTypeZ21="none" />
    <mapping Id="93" Shortname="Kran" Duration="0" FunctionTypeIndexCS2="93" FunctionTypeCS2="Kran" FunctionTypeZ21="none" />
    <mapping Id="94" Shortname="Kran_auf" Duration="0" FunctionTypeIndexCS2="94" FunctionTypeCS2="KranBuehne_auf" FunctionTypeZ21="crane_arm_up" />
    <mapping Id="95" Shortname="Kran_ab" Duration="0" FunctionTypeIndexCS2="95" FunctionTypeCS2="KranBuehne_ab" FunctionTypeZ21="crane_arm_down" />
    <mapping Id="96" Shortname="Kran_links" Duration="0" FunctionTypeIndexCS2="96" FunctionTypeCS2="KranBuehne_links" FunctionTypeZ21="rotate_left" />
    <mapping Id="97" Shortname="Kran_recht" Duration="0" FunctionTypeIndexCS2="97" FunctionTypeCS2="KranBuehne_rechts" FunctionTypeZ21="rotate_right" />
    <mapping Id="98" Shortname="Kran_drehR" Duration="0" FunctionTypeIndexCS2="98" FunctionTypeCS2="KranBuehne_drehen_rechts" FunctionTypeZ21="rotate_right" />
    <mapping Id="99" Shortname="Kran_Magnt" Duration="0" FunctionTypeIndexCS2="99" FunctionTypeCS2="Kran_Magnet" FunctionTypeZ21="pick_up" />
    <mapping Id="100" Shortname="Fahrtfreig" Duration="0" FunctionTypeIndexCS2="100" FunctionTypeCS2="Fahrtfreigabe" FunctionTypeZ21="none" />
    <mapping Id="101" Shortname="PantoSound" Duration="0" FunctionTypeIndexCS2="101" FunctionTypeCS2="Pantograph_Auf_Abbuegelgeraeusch" FunctionTypeZ21="backward_take_power" />
    <mapping Id="102" Shortname="ABV_Ein" Duration="0" FunctionTypeIndexCS2="102" FunctionTypeCS2="Anfahr_Bremsverzoegerung_ein" FunctionTypeZ21="acc_delay" />
    <mapping Id="103" Shortname="Funkgsprch" Duration="0" FunctionTypeIndexCS2="103" FunctionTypeCS2="Funkgespraech" FunctionTypeZ21="hump_funk" />
    <mapping Id="104" Shortname="AbfDurchsg" Duration="0" FunctionTypeIndexCS2="104" FunctionTypeCS2="Abfahrtsdurchsage" FunctionTypeZ21="sound1" />
    <mapping Id="105" Shortname="Frontlicht" Duration="0" FunctionTypeIndexCS2="105" FunctionTypeCS2="Aussenbeleuchtung_Frontlicht" FunctionTypeZ21="main_beam2" />
    <mapping Id="106" Shortname="Luftpumpe" Duration="0" FunctionTypeIndexCS2="106" FunctionTypeCS2="Luftpumpe" FunctionTypeZ21="air_pump" />
    <mapping Id="107" Shortname="Unterhltng" Duration="0" FunctionTypeIndexCS2="107" FunctionTypeCS2="Unterhaltung_Allgemein" FunctionTypeZ21="sound2" />
    <mapping Id="108" Shortname="Sanden" Duration="0" FunctionTypeIndexCS2="108" FunctionTypeCS2="Sanden" FunctionTypeZ21="sanden" />
    <mapping Id="109" Shortname="Mute_Fade" Duration="0" FunctionTypeIndexCS2="109" FunctionTypeCS2="Mute_Fade" FunctionTypeZ21="mute" />
    <mapping Id="110" Shortname="Stufen_Bel" Duration="0" FunctionTypeIndexCS2="110" FunctionTypeCS2="Trittstufenbeleuchtung" FunctionTypeZ21="stair_light" />
    <mapping Id="111" Shortname="WasserPmp" Duration="0" FunctionTypeIndexCS2="111" FunctionTypeCS2="Speisewasserpumpe" FunctionTypeZ21="feed_pump" />
    <mapping Id="112" Shortname="Brmsnqtsch" Duration="0" FunctionTypeIndexCS2="112" FunctionTypeCS2="Bremsenquietschen_ein" FunctionTypeZ21="sound_brake" />
    <mapping Id="113" Shortname="Ölpumpe" Duration="0" FunctionTypeIndexCS2="113" FunctionTypeCS2="Oelpumpe" FunctionTypeZ21="none" />
    <mapping Id="114" Shortname="SchmierPmp" Duration="0" FunctionTypeIndexCS2="114" FunctionTypeCS2="Schmierpumpe" FunctionTypeZ21="none" />
    <mapping Id="115" Shortname="DieselPmp" Duration="0" FunctionTypeIndexCS2="115" FunctionTypeCS2="Dieselpumpe" FunctionTypeZ21="none" />
    <mapping Id="116" Shortname="Kompressor" Duration="0" FunctionTypeIndexCS2="116" FunctionTypeCS2="Kompressor" FunctionTypeZ21="compressor" />
    <mapping Id="117" Shortname="KonsoleBel" Duration="0" FunctionTypeIndexCS2="117" FunctionTypeCS2="Konsolenbeleuchtung" FunctionTypeZ21="cycle_light" />
    <mapping Id="118" Shortname="RangierBel" Duration="0" FunctionTypeIndexCS2="118" FunctionTypeCS2="Rangierbeleuchtung" FunctionTypeZ21="sidelights" />
    <mapping Id="119" Shortname="PartyBel" Duration="0" FunctionTypeIndexCS2="119" FunctionTypeCS2="Partybeleuchtung" FunctionTypeZ21="cabin_light" />
    <mapping Id="120" Shortname="Passagiere" Duration="0" FunctionTypeIndexCS2="120" FunctionTypeCS2="Wartende_Passagiere" FunctionTypeZ21="none" />
    <mapping Id="121" Shortname="Zielansage" Duration="0" FunctionTypeIndexCS2="121" FunctionTypeCS2="Ankunft_Zielansage" FunctionTypeZ21="sound1" />
    <mapping Id="122" Shortname="Zugansage" Duration="0" FunctionTypeIndexCS2="122" FunctionTypeCS2="Zugansage_Schaffener" FunctionTypeZ21="sound3" />
    <mapping Id="123" Shortname="Schrhtsvnt" Duration="0" FunctionTypeIndexCS2="123" FunctionTypeCS2="Sicherheitsventil" FunctionTypeZ21="valve" />
    <mapping Id="124" Shortname="Ksslhzng" Duration="0" FunctionTypeIndexCS2="124" FunctionTypeCS2="Kesselheizung" FunctionTypeZ21="none" />
    <mapping Id="125" Shortname="Hilfsdiesl" Duration="0" FunctionTypeIndexCS2="125" FunctionTypeCS2="Hilfsaggregat_Hilfsdiesel" FunctionTypeZ21="sound2" />
    <mapping Id="126" Shortname="MaschinBel" Duration="0" FunctionTypeIndexCS2="126" FunctionTypeCS2="Maschinenraumbeleuchtung" FunctionTypeZ21="cycle_light" />
    <mapping Id="127" Shortname="Partymusik" Duration="0" FunctionTypeIndexCS2="128" FunctionTypeCS2="Partymusik" FunctionTypeZ21="clef" />
    <mapping Id="128" Shortname="Kurven_Snd" Duration="0" FunctionTypeIndexCS2="129" FunctionTypeCS2="Kurvengeraeusch" FunctionTypeZ21="curve_sound" />
    <mapping Id="129" Shortname="Blinker" Duration="0" FunctionTypeIndexCS2="130" FunctionTypeCS2="Blinker" FunctionTypeZ21="none" />
    <mapping Id="130" Shortname="Ablassvntl" Duration="0" FunctionTypeIndexCS2="131" FunctionTypeCS2="Ablassventil" FunctionTypeZ21="drain_valve" />
    <mapping Id="131" Shortname="Warnung" Duration="0" FunctionTypeIndexCS2="132" FunctionTypeCS2="Warnmeldungen" FunctionTypeZ21="warning" />
    <mapping Id="132" Shortname="Führerstnd" Duration="0" FunctionTypeIndexCS2="133" FunctionTypeCS2="Fuehrerstandsgespraech" FunctionTypeZ21="sound2" />
    <mapping Id="133" Shortname="Info" Duration="0" FunctionTypeIndexCS2="134" FunctionTypeCS2="Informationsdurchsage" FunctionTypeZ21="sound1" />
    <mapping Id="134" Shortname="PumpeSonst" Duration="0" FunctionTypeIndexCS2="135" FunctionTypeCS2="Sonstige_Pumpe" FunctionTypeZ21="none" />
    <mapping Id="135" Shortname="Feuerbüchs" Duration="0" FunctionTypeIndexCS2="136" FunctionTypeCS2="Kombination_schaufeln_Feuerbuechse" FunctionTypeZ21="none" />
    <mapping Id="136" Shortname="Schaffner" Duration="0" FunctionTypeIndexCS2="137" FunctionTypeCS2="Beweglicher_Schaffner" FunctionTypeZ21="none" />
    <mapping Id="137" Shortname="Fensterbew" Duration="0" FunctionTypeIndexCS2="138" FunctionTypeCS2="Fenster_auf_zu" FunctionTypeZ21="none" />
    <mapping Id="138" Shortname="Fensterbew" Duration="0" FunctionTypeIndexCS2="139" FunctionTypeCS2="Geraeusch_Fenster_auf_zu" FunctionTypeZ21="none" />
    <mapping Id="139" Shortname="TürSchlies" Duration="0" FunctionTypeIndexCS2="140" FunctionTypeCS2="Durchsage_Tueren_schlissen_rechts" FunctionTypeZ21="sound1" />
    <mapping Id="140" Shortname="Stadt" Duration="0" FunctionTypeIndexCS2="141" FunctionTypeCS2="Ambiente_Stadt" FunctionTypeZ21="sound2" />
    <mapping Id="141" Shortname="Tunnel" Duration="0" FunctionTypeIndexCS2="142" FunctionTypeCS2="Ambiente_Tunnel" FunctionTypeZ21="sound2" />
    <mapping Id="142" Shortname="Stahlbrcke" Duration="0" FunctionTypeIndexCS2="143" FunctionTypeCS2="Ambiente_Stahlbruecke" FunctionTypeZ21="sound2" />
    <mapping Id="143" Shortname="Betonbrcke" Duration="0" FunctionTypeIndexCS2="144" FunctionTypeCS2="Ambiente_Betonbruecke" FunctionTypeZ21="sound2" />
    <mapping Id="144" Shortname="KlpptürSnd" Duration="0" FunctionTypeIndexCS2="145" FunctionTypeCS2="Geraeusch_Klapptuere" FunctionTypeZ21="sound2" />
    <mapping Id="145" Shortname="TüreSound" Duration="0" FunctionTypeIndexCS2="146" FunctionTypeCS2="Geraeusch_Tuere" FunctionTypeZ21="sound2" />
    <mapping Id="146" Shortname="FalltürSnd" Duration="0" FunctionTypeIndexCS2="147" FunctionTypeCS2="Geraeusch_Falltuere" FunctionTypeZ21="sound2" />
    <mapping Id="147" Shortname="RolltorSnd" Duration="0" FunctionTypeIndexCS2="148" FunctionTypeCS2="Geraeusch_Rolltor" FunctionTypeZ21="sound2" />
    <mapping Id="148" Shortname="SchbtürSnd" Duration="0" FunctionTypeIndexCS2="149" FunctionTypeCS2="Geraeusch_Schiebetuer" FunctionTypeZ21="sound2" />
    <mapping Id="149" Shortname="Dampfstoss" Duration="0" FunctionTypeIndexCS2="201" FunctionTypeCS2="Dampfstoss" FunctionTypeZ21="none" />
    <mapping Id="150" Shortname="Dieselhzng" Duration="0" FunctionTypeIndexCS2="202" FunctionTypeCS2="Dieselheizung" FunctionTypeZ21="preheat" />
    <mapping Id="151" Shortname="Zugheizung" Duration="0" FunctionTypeIndexCS2="203" FunctionTypeCS2="Zugheizung" FunctionTypeZ21="preheat" />
    <mapping Id="152" Shortname="Segeln" Duration="0" FunctionTypeIndexCS2="204" FunctionTypeCS2="Segeln" FunctionTypeZ21="none" />
    <mapping Id="153" Shortname="Infoansage" Duration="0" FunctionTypeIndexCS2="205" FunctionTypeCS2="Zug_Infoansage" FunctionTypeZ21="sound1" />
    <mapping Id="154" Shortname="Sondransag" Duration="0" FunctionTypeIndexCS2="206" FunctionTypeCS2="Sonderansage" FunctionTypeZ21="sound1" />
    <mapping Id="155" Shortname="Passagiere" Duration="0" FunctionTypeIndexCS2="207" FunctionTypeCS2="Wartende_Passagiere_am_Bahnhof" FunctionTypeZ21="sound2" />
    <mapping Id="156" Shortname="Bocksprung" Duration="0" FunctionTypeIndexCS2="208" FunctionTypeCS2="Bocksprung" FunctionTypeZ21="none" />
    <mapping Id="157" Shortname="TürSchlies" Duration="0" FunctionTypeIndexCS2="209" FunctionTypeCS2="Durchsage_Tueren_schlissen_links" FunctionTypeZ21="sound1" />
    <mapping Id="158" Shortname="Zuggattung" Duration="0" FunctionTypeIndexCS2="210" FunctionTypeCS2="Zuggattung" FunctionTypeZ21="sound1" />
    <mapping Id="159" Shortname="Durchsage" Duration="0" FunctionTypeIndexCS2="211" FunctionTypeCS2="Zugdurchsage" FunctionTypeZ21="sound1" />
    <mapping Id="160" Shortname="Warnblink" Duration="0" FunctionTypeIndexCS2="212" FunctionTypeCS2="Warnblinklicht" FunctionTypeZ21="all_round_light" />
    <mapping Id="161" Shortname="Play" Duration="0" FunctionTypeIndexCS2="213" FunctionTypeCS2="Play" FunctionTypeZ21="none" />
    <mapping Id="162" Shortname="Pause" Duration="0" FunctionTypeIndexCS2="214" FunctionTypeCS2="Pause" FunctionTypeZ21="none" />
    <mapping Id="163" Shortname="Vor" Duration="0" FunctionTypeIndexCS2="215" FunctionTypeCS2="Vor" FunctionTypeZ21="none" />
    <mapping Id="164" Shortname="Zurueck" Duration="0" FunctionTypeIndexCS2="216" FunctionTypeCS2="Zurueck" FunctionTypeZ21="none" />
    <mapping Id="165" Shortname="Laut" Duration="0" FunctionTypeIndexCS2="217" FunctionTypeCS2="Laut" FunctionTypeZ21="louder" />
    <mapping Id="166" Shortname="Leise" Duration="0" FunctionTypeIndexCS2="218" FunctionTypeCS2="Leise" FunctionTypeZ21="quieter" />
    <mapping Id="167" Shortname="Licht_Abtl" Duration="0" FunctionTypeIndexCS2="221" FunctionTypeCS2="Licht_Abteile" FunctionTypeZ21="none" />
    <mapping Id="168" Shortname="Licht_Gang" Duration="0" FunctionTypeIndexCS2="222" FunctionTypeCS2="Licht_Gang" FunctionTypeZ21="none" />
    <mapping Id="169" Shortname="Licht_Küch" Duration="0" FunctionTypeIndexCS2="223" FunctionTypeCS2="Licht_Kueche" FunctionTypeZ21="none" />
    <mapping Id="170" Shortname="Licht_Gpck" Duration="0" FunctionTypeIndexCS2="224" FunctionTypeCS2="Licht_Gepaeck" FunctionTypeZ21="none" />
    <mapping Id="171" Shortname="Licht_Bar" Duration="0" FunctionTypeIndexCS2="225" FunctionTypeCS2="Licht_Bar" FunctionTypeZ21="none" />
    <mapping Id="172" Shortname="Tanken" Duration="0" FunctionTypeIndexCS2="226" FunctionTypeCS2="Tanken" FunctionTypeZ21="none" />
    <mapping Id="173" Shortname="Wasser" Duration="0" FunctionTypeIndexCS2="227" FunctionTypeCS2="Wasser" FunctionTypeZ21="none" />
    <mapping Id="174" Shortname="Diesel" Duration="0" FunctionTypeIndexCS2="228" FunctionTypeCS2="Diesel" FunctionTypeZ21="none" />
    <mapping Id="175" Shortname="Kohle" Duration="0" FunctionTypeIndexCS2="229" FunctionTypeCS2="Kohle" FunctionTypeZ21="none" />
    <mapping Id="176" Shortname="Kohlestaub" Duration="0" FunctionTypeIndexCS2="230" FunctionTypeCS2="Kohlestaub_2" FunctionTypeZ21="none" />
    <mapping Id="177" Shortname="Öl" Duration="0" FunctionTypeIndexCS2="231" FunctionTypeCS2="Oel" FunctionTypeZ21="none" />
    <mapping Id="178" Shortname="Sand" Duration="0" FunctionTypeIndexCS2="232" FunctionTypeCS2="Sand" FunctionTypeZ21="none" />
    <mapping Id="179" Shortname="CH_Lichtwl" Duration="0" FunctionTypeIndexCS2="233" FunctionTypeCS2="Schweizer_Lichtwechsel" FunctionTypeZ21="coach_side_light_off" />
    <mapping Id="180" Shortname="AnsagPfiff" Duration="0" FunctionTypeIndexCS2="234" FunctionTypeCS2="Ansage_Pfiff_mit_Tuerschliessen" FunctionTypeZ21="sound5" />
    <mapping Id="181" Shortname="Zufall_Aus" Duration="0" FunctionTypeIndexCS2="235" FunctionTypeCS2="Zufall_Aus" FunctionTypeZ21="none" />
    <mapping Id="182" Shortname="Sifataster" Duration="0" FunctionTypeIndexCS2="236" FunctionTypeCS2="Sifataster" FunctionTypeZ21="sifa" />
    <mapping Id="183" Shortname="Not_Aus" Duration="0" FunctionTypeIndexCS2="237" FunctionTypeCS2="Not_Aus" FunctionTypeZ21="warning" />
    <mapping Id="184" Shortname="Schalter" Duration="0" FunctionTypeIndexCS2="238" FunctionTypeCS2="Schalter" FunctionTypeZ21="main" />
    <mapping Id="185" Shortname="Kippschalt" Duration="0" FunctionTypeIndexCS2="239" FunctionTypeCS2="Kippschlater" FunctionTypeZ21="none" />
    <mapping Id="186" Shortname="Drehschalt" Duration="0" FunctionTypeIndexCS2="240" FunctionTypeCS2="Drehschalter" FunctionTypeZ21="none" />
    <mapping Id="187" Shortname="Not_Halt" Duration="0" FunctionTypeIndexCS2="241" FunctionTypeCS2="Not_Halt" FunctionTypeZ21="warning" />
    <mapping Id="188" Shortname="Zahnrd_Snd" Duration="0" FunctionTypeIndexCS2="242" FunctionTypeCS2="Sound_Zahnrad" FunctionTypeZ21="none" />
    <mapping Id="189" Shortname="Tachoklckn" Duration="0" FunctionTypeIndexCS2="243" FunctionTypeCS2="Klackern_Tacho" FunctionTypeZ21="none" />
    <mapping Id="190" Shortname="WischerSnd" Duration="0" FunctionTypeIndexCS2="244" FunctionTypeCS2="Sound_Wischer" FunctionTypeZ21="none" />
    <mapping Id="191" Shortname="Zhnrd_Antr" Duration="0" FunctionTypeIndexCS2="245" FunctionTypeCS2="Zahnrad_Antrieb" FunctionTypeZ21="none" />
    <mapping Id="192" Shortname="Wischer" Duration="0" FunctionTypeIndexCS2="246" FunctionTypeCS2="Wischer" FunctionTypeZ21="none" />
    <mapping Id="193" Shortname="Abschlammn" Duration="0" FunctionTypeIndexCS2="247" FunctionTypeCS2="Abschlammen_Schlaemmen" FunctionTypeZ21="none" />
    <mapping Id="194" Shortname="GlockeLang" Duration="0" FunctionTypeIndexCS2="249" FunctionTypeCS2="Glocke_lang" FunctionTypeZ21="bell" />
    <mapping Id="195" Shortname="Horn_kurz" Duration="0" FunctionTypeIndexCS2="250" FunctionTypeCS2="Horn_kurz" FunctionTypeZ21="horn_high" />
    <mapping Id="196" Shortname="Horn_lang" Duration="0" FunctionTypeIndexCS2="251" FunctionTypeCS2="Horn_lang" FunctionTypeZ21="horn_low" />
    <mapping Id="197" Shortname="Pfiff_kurz" Duration="0" FunctionTypeIndexCS2="252" FunctionTypeCS2="Pfeife_kurz" FunctionTypeZ21="whistle_short" />
    <mapping Id="198" Shortname="Pfiff_lang" Duration="0" FunctionTypeIndexCS2="253" FunctionTypeCS2="Pfeife_lang" FunctionTypeZ21="whistle_long" />
    <mapping Id="199" Shortname="Kran_FktON" Duration="0" FunctionTypeIndexCS2="254" FunctionTypeCS2="Kran_Ein_Umschalten_Fahrbetrieb_Funktionsbetrieb" FunctionTypeZ21="rotate_upper_assembly" />
    <mapping Id="200" Shortname="Kran_0_Pos" Duration="0" FunctionTypeIndexCS2="255" FunctionTypeCS2="Kran_Aus_Grundstellung_anfahren" FunctionTypeZ21="rotate_upper_assembly" />
    <mapping Id="201" Shortname="Kran_Haken" Duration="0" FunctionTypeIndexCS2="256" FunctionTypeCS2="Kran_Haken" FunctionTypeZ21="pick_up" />
    <mapping Id="202" Shortname="Hammer" Duration="0" FunctionTypeIndexCS2="257" FunctionTypeCS2="Hammer" FunctionTypeZ21="none" />
    <mapping Id="203" Shortname="Säge" Duration="0" FunctionTypeIndexCS2="258" FunctionTypeCS2="Saege" FunctionTypeZ21="none" />
    <mapping Id="204" Shortname="Bohrer" Duration="0" FunctionTypeIndexCS2="259" FunctionTypeCS2="Bohrmaschine_Bohrer" FunctionTypeZ21="none" />
    <mapping Id="205" Shortname="Schweissen" Duration="0" FunctionTypeIndexCS2="260" FunctionTypeCS2="Schweissgeraet_Schweissen" FunctionTypeZ21="none" />
    <mapping Id="206" Shortname="Schleifen" Duration="0" FunctionTypeIndexCS2="261" FunctionTypeCS2="Schleifblock_Schleifen" FunctionTypeZ21="none" />
    <mapping Id="207" Shortname="Bürsten" Duration="0" FunctionTypeIndexCS2="262" FunctionTypeCS2="Drahtbuerste_Buersten" FunctionTypeZ21="none" />
    <mapping Id="208" Shortname="Kettenzug" Duration="0" FunctionTypeIndexCS2="263" FunctionTypeCS2="Kettenzug" FunctionTypeZ21="none" />
    <mapping Id="209" Shortname="Flexen" Duration="0" FunctionTypeIndexCS2="264" FunctionTypeCS2="Trennschleifer_Flex" FunctionTypeZ21="none" />
    <mapping Id="210" Shortname="Schaufel" Duration="0" FunctionTypeIndexCS2="265" FunctionTypeCS2="Schaufel" FunctionTypeZ21="none" />
    <mapping Id="211" Shortname="Beladen" Duration="0" FunctionTypeIndexCS2="266" FunctionTypeCS2="Laden_Einladen_Ausladen" FunctionTypeZ21="none" />
    <mapping Id="212" Shortname="Hämmern" Duration="0" FunctionTypeIndexCS2="267" FunctionTypeCS2="Presslufthammer_Hämmern" FunctionTypeZ21="none" />
    <mapping Id="213" Shortname="Stop" Duration="0" FunctionTypeIndexCS2="268" FunctionTypeCS2="Stop" FunctionTypeZ21="none" />
    <mapping Id="214" Shortname="Nächstes" Duration="0" FunctionTypeIndexCS2="269" FunctionTypeCS2="Naechstes" FunctionTypeZ21="none" />
    <mapping Id="215" Shortname="Letztes" Duration="0" FunctionTypeIndexCS2="270" FunctionTypeCS2="Letztes" FunctionTypeZ21="none" />
    <mapping Id="216" Shortname="Bahnübgng" Duration="0" FunctionTypeIndexCS2="271" FunctionTypeCS2="Bahnuebergang" FunctionTypeZ21="none" />
    <mapping Id="217" Shortname="Glocke_BÜ" Duration="0" FunctionTypeIndexCS2="272" FunctionTypeCS2="Glocke_Bahnuebergang" FunctionTypeZ21="bell" />
    <mapping Id="218" Shortname="Starklüftn" Duration="0" FunctionTypeIndexCS2="273" FunctionTypeCS2="Starklueften" FunctionTypeZ21="fan_strong" />
    <mapping Id="219" Shortname="Schwachlft" Duration="0" FunctionTypeIndexCS2="274" FunctionTypeCS2="Schwachlueften" FunctionTypeZ21="fan" />
    <mapping Id="220" Shortname="TelexWalz" Duration="0" FunctionTypeIndexCS2="277" FunctionTypeCS2="Telex_Walzer" FunctionTypeZ21="decouple" />
    <mapping Id="221" Shortname="Lichtgen" Duration="0" FunctionTypeIndexCS2="278" FunctionTypeCS2="Licht_Generator_Sound" FunctionTypeZ21="alternator" />
    <mapping Id="222" Shortname="Rauchkamm" Duration="0" FunctionTypeIndexCS2="279" FunctionTypeCS2="Rauchkammer" FunctionTypeZ21="none" />
    <mapping Id="223" Shortname="Kohlestaub" Duration="0" FunctionTypeIndexCS2="280" FunctionTypeCS2="Kohlestaub" FunctionTypeZ21="none" />
    <mapping Id="224" Shortname="Fernlicht" Duration="0" FunctionTypeIndexCS2="281" FunctionTypeCS2="Fernlicht_vorne_hinten" FunctionTypeZ21="main_beam" />
    <mapping Id="225" Shortname="Stirnlicht" Duration="0" FunctionTypeIndexCS2="282" FunctionTypeCS2="Stirnlicht_vorne_hinten" FunctionTypeZ21="main_beam" />
    <mapping Id="226" Shortname="Lichtgen_h" Duration="0" FunctionTypeIndexCS2="291" FunctionTypeCS2="Licht_Generator_Sound_hinten" FunctionTypeZ21="alternator" />
    <mapping Id="227" Shortname="Telex_vorn" Duration="0" FunctionTypeIndexCS2="292" FunctionTypeCS2="Telex_Walzer_vorne" FunctionTypeZ21="decouple" />
    <mapping Id="228" Shortname="Telex_hint" Duration="0" FunctionTypeIndexCS2="293" FunctionTypeCS2="Telex_Walzer_hinten" FunctionTypeZ21="decouple" />
    <mapping Id="229" Shortname="Lichtgen_v" Duration="0" FunctionTypeIndexCS2="294" FunctionTypeCS2="Licht_Generator_Sound_vorne" FunctionTypeZ21="alternator" />
    <mapping Id="230" Shortname="KurbelnSnd" Duration="0" FunctionTypeIndexCS2="295" FunctionTypeCS2="Kurbeln_Sound" FunctionTypeZ21="none" />
</mappings>